{
  "haruhikage": {
    "categogy": "music",
    "sounds": ["haruhikage"],
    "subtitle": "MyGO!!!!!:Live(Haruhikage)"
  },

  "hekitenbansou": {
    "categogy": "music",
    "sounds": ["hekitenbansou"],
    "subtitle": "MyGO!!!!!:Live(Hekitenbansou)"
  },

  "hitoshizuku": {
    "categogy": "music",
    "sounds": ["hitoshizuku"],
    "subtitle": "MyGO!!!!!:Live(Hitoshizuku)"
  },

  "mayoiuta": {
    "categogy": "music",
    "sounds": ["mayoiuta"],
    "subtitle": "MyGO!!!!!:Live(Mayoiuta)"
  },

  "silhouettedance": {
    "categogy": "music",
    "sounds": ["silhouettedance"],
    "subtitle": "MyGO!!!!!:Live(Silhouette Dance)"
  },

  "utakotoba": {
    "categogy": "music",
    "sounds": ["utakotoba"],
    "subtitle": "MyGO!!!!!:Live(Utakotoba)"
  },

  "nandeharuhikageyattano": {
    "categogy": "music",
    "sounds": ["nandeharuhikageyattano"],
    "subtitle": "长期素食导致的"
  }
}